{
  "id": "1508338",
  "name": "电商",
  "font_family": "iconfont",
  "css_prefix_text": "icon-",
  "description": "",
  "glyphs": [
    {
      "icon_id": "2868",
      "name": "电影票",
      "font_class": "dianyingpiao",
      "unicode": "e600",
      "unicode_decimal": 58880
    },
    {
      "icon_id": "100611",
      "name": "彩票",
      "font_class": "caipiao",
      "unicode": "e611",
      "unicode_decimal": 58897
    },
    {
      "icon_id": "392096",
      "name": "飞机",
      "font_class": "99",
      "unicode": "e66f",
      "unicode_decimal": 58991
    },
    {
      "icon_id": "650788",
      "name": "理财宝",
      "font_class": "licaibao",
      "unicode": "e63d",
      "unicode_decimal": 58941
    },
    {
      "icon_id": "1014028",
      "name": "我要众筹",
      "font_class": "woyaozhongchou",
      "unicode": "e810",
      "unicode_decimal": 59408
    },
    {
      "icon_id": "1166460",
      "name": "购物车 ",
      "font_class": "gouwuche2",
      "unicode": "e62d",
      "unicode_decimal": 58925
    },
    {
      "icon_id": "1284131",
      "name": "火车票",
      "font_class": "huochepiao",
      "unicode": "e638",
      "unicode_decimal": 58936
    },
    {
      "icon_id": "1284132",
      "name": "话费",
      "font_class": "huafei",
      "unicode": "e639",
      "unicode_decimal": 58937
    },
    {
      "icon_id": "1284182",
      "name": "加油卡",
      "font_class": "jiayouqia",
      "unicode": "e63a",
      "unicode_decimal": 58938
    },
    {
      "icon_id": "3402785",
      "name": "游戏",
      "font_class": "youxi",
      "unicode": "e6c6",
      "unicode_decimal": 59078
    },
    {
      "icon_id": "6460181",
      "name": "白条取现",
      "font_class": "baitiaoquxian",
      "unicode": "e602",
      "unicode_decimal": 58882
    },
    {
      "icon_id": "7843633",
      "name": "酒店",
      "font_class": "hebingxingzhuang",
      "unicode": "e61c",
      "unicode_decimal": 58908
    },
    {
      "icon_id": "7937660",
      "name": "方向-向下",
      "font_class": "fangxiang-xiangxia",
      "unicode": "e614",
      "unicode_decimal": 58900
    },
    {
      "icon_id": "7937663",
      "name": "方向-向右",
      "font_class": "fangxiang-xiangyou",
      "unicode": "e615",
      "unicode_decimal": 58901
    },
    {
      "icon_id": "7938415",
      "name": "方向圆箭头-向右",
      "font_class": "fangxiangyuanjiantou-xiangyou",
      "unicode": "e617",
      "unicode_decimal": 58903
    },
    {
      "icon_id": "7938419",
      "name": "方向圆箭头-向左",
      "font_class": "fangxiangyuanjiantou-xiangzuo",
      "unicode": "e618",
      "unicode_decimal": 58904
    },
    {
      "icon_id": "11372681",
      "name": "礼品卡",
      "font_class": "lipinka",
      "unicode": "e8b2",
      "unicode_decimal": 59570
    }
  ]
}
